user_id,name,email,phone,age,gender,location,registration_date,channel_preference
448a6e6d-f8d5-4ebc-bf46-f25be1b499c3,User_0,user0@example.com,+917983753977,20,F,Kolkata,2026-01-18T13:51:20.917813,store
5e7d9c86-0812-4f35-9b4d-2df0f399a1dd,User_1,user1@example.com,+917906164396,54,Other,Pune,2026-01-08T13:51:20.917870,web
dfd52764-d937-4a04-bde4-5a02eae154af,User_2,user2@example.com,+919144181937,43,Other,Ahmedabad,2024-05-14T13:51:20.917901,web
01af8a00-d406-447f-b3dd-975ce21b49ec,User_3,user3@example.com,+917599707677,33,Other,Chennai,2025-06-18T13:51:20.917924,mobile
edc763b9-98ed-4423-9fa2-d0b98da2d055,User_4,user4@example.com,+918840109255,55,F,Pune,2024-07-26T13:51:20.917938,web
540330b2-5f16-49dc-872a-7e8b69278d22,User_5,user5@example.com,+919188398760,49,M,Hyderabad,2025-10-26T13:51:20.917951,web
ce2cc2b4-d6d0-413b-9a29-38c333953cb9,User_6,user6@example.com,+919694860228,28,Other,Kolkata,2025-10-11T13:51:20.917965,mobile
b9accf07-4584-4144-9b58-f58271dc0b61,User_7,user7@example.com,+918652563013,42,Other,Ahmedabad,2026-01-10T13:51:20.917989,mobile
3cae7953-c156-471c-9a5f-92f3526f83e4,User_8,user8@example.com,+919376087131,18,Other,Mumbai,2025-07-02T13:51:20.918020,mobile
82096266-7a2c-4427-a149-f828011d4c09,User_9,user9@example.com,+918146005448,59,F,Mumbai,2024-09-13T13:51:20.918055,store
a5469fbf-9ff0-42b2-a794-2a287bbc17b1,User_10,user10@example.com,+917679282378,47,M,Chennai,2024-12-26T13:51:20.918081,mobile
3a04faf9-10f8-4f16-b97b-8dccde77a777,User_11,user11@example.com,+919180476188,24,Other,Chennai,2025-09-15T13:51:20.918095,mobile
d010c452-9bd9-44e7-b595-21b37cd41c07,User_12,user12@example.com,+919615507143,30,M,Pune,2024-10-13T13:51:20.918108,web
2dc428d2-bcf1-425f-8535-09e7b40a6ea4,User_13,user13@example.com,+919277851678,18,Other,Pune,2024-09-10T13:51:20.918123,store
65907001-78fd-4e76-8be5-e9a095386e1d,User_14,user14@example.com,+917480468219,41,F,Bangalore,2026-02-25T13:51:20.918135,web
4c3b7dd1-c7ed-48ad-a424-3974280ffa05,User_15,user15@example.com,+919436779490,23,M,Ahmedabad,2025-07-13T13:51:20.918148,web
53e0275c-fc42-4900-a0ea-d5048e14d832,User_16,user16@example.com,+917540137296,26,Other,Ahmedabad,2024-09-17T13:51:20.918161,mobile
0df92083-a3d8-4e5d-9db9-671c8cbb8682,User_17,user17@example.com,+918138409539,51,Other,Kolkata,2025-09-28T13:51:20.918173,web
bdab1d19-8ba7-4bfc-a5ad-61087bba98d6,User_18,user18@example.com,+919962958940,30,Other,Chennai,2024-09-10T13:51:20.918185,store
64fd2fb3-4de5-4dec-b89a-7ad24fb60fbf,User_19,user19@example.com,+919791205006,41,F,Ahmedabad,2024-04-28T13:51:20.918197,web
b0a631a6-9bfd-4a8c-8c49-40dba41cc45c,User_20,user20@example.com,+917965067727,22,F,Hyderabad,2025-07-06T13:51:20.918210,mobile
736e89ee-fcda-459e-a2e7-ecbf43f4404b,User_21,user21@example.com,+917988335251,55,M,Hyderabad,2024-08-26T13:51:20.918222,web
1bf5ec6f-1fb7-41ba-8561-83bd4b958e3f,User_22,user22@example.com,+917252860896,32,M,Hyderabad,2024-06-08T13:51:20.918234,store
eeece404-f5ee-44d3-8c8e-509650cb644a,User_23,user23@example.com,+919208283728,33,F,Ahmedabad,2026-01-03T13:51:20.918247,web
bbf4fb26-a349-4c99-9c94-8531baf2a4e2,User_24,user24@example.com,+917568275055,64,Other,Ahmedabad,2024-09-10T13:51:20.918260,web
03e7d570-d942-42d5-972f-7ff8aca4fe7e,User_25,user25@example.com,+918748309234,30,M,Mumbai,2024-11-17T13:51:20.918272,mobile
edf7364c-5fb5-440f-9742-0f14133ceede,User_26,user26@example.com,+918521696479,45,F,Ahmedabad,2024-12-30T13:51:20.918284,mobile
2e1846b9-5efb-4df6-9fa0-b8de321d8ce9,User_27,user27@example.com,+919892078691,59,Other,Mumbai,2026-01-20T13:51:20.918296,web
f4898991-6e86-4b9c-a7fe-2cff54efe3ea,User_28,user28@example.com,+918457293575,24,M,Bangalore,2025-01-28T13:51:20.918315,web
3e180188-758e-4f82-bfe5-3ce6dbd03f62,User_29,user29@example.com,+918926780541,26,F,Delhi,2024-09-13T13:51:20.918328,store
dd267d37-2603-4b70-afe3-80c93850b1f7,User_30,user30@example.com,+918072910527,22,F,Mumbai,2024-11-28T13:51:20.918339,web
f6f84d4a-8f74-45a9-8dca-f2861185f737,User_31,user31@example.com,+919321807489,18,M,Bangalore,2024-05-18T13:51:20.918351,web
ed6a095f-27ce-4cef-91ef-c21286d7ce21,User_32,user32@example.com,+919085812759,48,M,Kolkata,2025-01-24T13:51:20.918370,web
ade7f931-425a-4ac1-9ba5-fb56ea154a33,User_33,user33@example.com,+918627677155,18,F,Chennai,2025-09-29T13:51:20.918401,store
13827467-0bd2-4e34-876c-8bb8ec7a0c88,User_34,user34@example.com,+918816803306,62,Other,Ahmedabad,2025-05-28T13:51:20.918422,web
31264419-8df5-4371-9e63-b5b749b128fe,User_35,user35@example.com,+918274350418,31,M,Hyderabad,2025-09-03T13:51:20.918435,mobile
09ea9b77-2776-4869-9b5d-0cfcb5dee3eb,User_36,user36@example.com,+917245522987,21,Other,Ahmedabad,2025-04-29T13:51:20.918447,mobile
72cb36c3-7d29-445a-be42-baccbe7f0659,User_37,user37@example.com,+917676168421,21,Other,Mumbai,2024-09-19T13:51:20.918458,web
d7b7e2da-9059-4d56-ae4f-90db25a23b66,User_38,user38@example.com,+919555656321,22,Other,Bangalore,2026-01-05T13:51:20.918470,store
ccc80586-f348-4f03-85eb-7da4adedccb4,User_39,user39@example.com,+919446737272,33,Other,Hyderabad,2025-11-14T13:51:20.918487,mobile
d8a407c5-77a8-4d42-8b41-ca20287cf760,User_40,user40@example.com,+918800557283,60,Other,Pune,2025-12-23T13:51:20.918525,store
4ef4042a-f263-4a37-919f-f91e554b9949,User_41,user41@example.com,+919876451163,63,F,Bangalore,2025-08-19T13:51:20.918555,store
1c13764a-936b-493a-8635-7e1a3faff27d,User_42,user42@example.com,+917562117925,60,Other,Chennai,2025-02-04T13:51:20.918568,store
ae5fe4b9-a9aa-4f59-b42b-46e5f2468402,User_43,user43@example.com,+917311570307,18,F,Mumbai,2025-04-27T13:51:20.918579,web
2ec98caa-fbcb-44c8-9be4-a2b9a927b42d,User_44,user44@example.com,+917915490795,50,F,Delhi,2024-09-12T13:51:20.918591,store
c2dc8b95-1cde-4bed-a268-3df956803335,User_45,user45@example.com,+918049193572,41,F,Delhi,2026-01-05T13:51:20.918602,store
8ccd0f15-fc71-4c67-ad0e-2f8a0beac395,User_46,user46@example.com,+918299301222,57,Other,Hyderabad,2024-09-06T13:51:20.918614,mobile
d211948e-8e58-4cae-862a-3e11e5fe3f2d,User_47,user47@example.com,+918285821930,60,M,Delhi,2024-08-26T13:51:20.918632,store
f4a16aad-10c8-456d-a7e3-f8f2fd704455,User_48,user48@example.com,+917459716009,65,Other,Delhi,2025-11-18T13:51:20.918647,store
acd34a34-250e-4096-9b7d-6f794c95fa49,User_49,user49@example.com,+919597724331,31,Other,Pune,2025-06-01T13:51:20.918659,web
fd53e197-4f2b-48cb-a11c-472fec150252,User_50,user50@example.com,+918133802214,50,F,Chennai,2024-06-05T13:51:20.918671,web
b2f52649-2de7-4158-96f1-800ae16d25f0,User_51,user51@example.com,+919724230947,45,F,Hyderabad,2025-12-12T13:51:20.918683,web
083e8a6f-8f77-46a2-9c02-e6aed9548dfb,User_52,user52@example.com,+917561866144,58,F,Delhi,2025-04-09T13:51:20.918695,mobile
fd777368-7e59-48b1-b85b-1619bc87c5dc,User_53,user53@example.com,+919369449369,63,F,Hyderabad,2024-12-19T13:51:20.918711,web
706a122a-0673-42d0-ab4d-15b133b4527f,User_54,user54@example.com,+919967906665,27,Other,Hyderabad,2025-12-29T13:51:20.918742,store
a2db16fd-ba72-4f0b-9305-a8b470f9b0fa,User_55,user55@example.com,+919373077218,27,F,Delhi,2024-07-28T13:51:20.918772,web
e20398c7-b82b-42e3-9336-71ccbdfea714,User_56,user56@example.com,+918566166314,20,F,Bangalore,2025-05-05T13:51:20.918809,mobile
5811146f-e353-4d97-be9b-134b231bf480,User_57,user57@example.com,+919864457210,24,F,Kolkata,2025-07-04T13:51:20.918840,mobile
0405e266-5a01-46aa-8949-ead219b74ace,User_58,user58@example.com,+918016779084,28,M,Kolkata,2025-10-09T13:51:20.918853,web
26073014-9b38-40c7-bdc5-0108e886fb39,User_59,user59@example.com,+918426725702,44,Other,Bangalore,2025-09-14T13:51:20.918868,store
b9412933-cb49-4456-9667-7033dbd70b97,User_60,user60@example.com,+917464267175,42,M,Ahmedabad,2025-10-04T13:51:20.918887,web
c201751d-3703-40ae-8b50-ef3cb48ddcf8,User_61,user61@example.com,+918976987348,40,F,Bangalore,2025-08-24T13:51:20.918916,web
d59d067c-81ef-43c0-8749-a85d38c15ba1,User_62,user62@example.com,+919834820954,30,F,Pune,2026-02-20T13:51:20.918942,store
bb4ef3c6-a55d-4ec2-9f3e-ed8bc693d9d5,User_63,user63@example.com,+918198832728,40,Other,Kolkata,2026-01-04T13:51:20.918956,mobile
4fea6d9e-f8ff-4426-9531-797cc03943e1,User_64,user64@example.com,+918422277848,19,M,Chennai,2024-09-13T13:51:20.918973,web
28bda88c-ec35-4327-97b4-3646020d3493,User_65,user65@example.com,+918140169349,20,M,Kolkata,2024-07-30T13:51:20.937822,store
7a2b8734-d2fd-4488-8ef5-30d4b8a2d73e,User_66,user66@example.com,+918874297457,56,Other,Mumbai,2025-04-29T13:51:20.937896,store
0af417b2-c439-4d9b-a97b-9e76de6515ea,User_67,user67@example.com,+917816382125,34,M,Kolkata,2024-08-03T13:51:20.937940,web
ef8225e3-4aeb-459c-8242-fae62541926d,User_68,user68@example.com,+919312633708,61,Other,Bangalore,2024-09-30T13:51:20.937970,store
e0218eae-26bc-40f7-820b-69b7e7a384a5,User_69,user69@example.com,+917300535210,60,F,Pune,2024-12-30T13:51:20.938004,mobile
f81bcfa1-39d2-47e8-8236-8071706a6271,User_70,user70@example.com,+918289874320,50,F,Kolkata,2025-11-09T13:51:20.938028,store
45aafc55-589b-4421-813b-4d61aa30747f,User_71,user71@example.com,+919994487334,36,Other,Delhi,2025-01-28T13:51:20.938041,web
4f8976eb-b7a7-407e-a978-81c6b0ca8ebc,User_72,user72@example.com,+919855850145,42,Other,Delhi,2025-01-10T13:51:20.938054,mobile
25f511db-8e77-4fc1-b6e3-9e44765a64bb,User_73,user73@example.com,+918292569882,43,Other,Hyderabad,2024-08-11T13:51:20.938066,store
ed724f87-0665-460b-a58e-8e84c942f5a5,User_74,user74@example.com,+917902727745,45,Other,Pune,2025-05-27T13:51:20.938078,store
f3a49fd3-455a-4ac4-9d70-9cd8d52b0e4e,User_75,user75@example.com,+918899061865,61,M,Ahmedabad,2024-12-19T13:51:20.938090,mobile
a217c9df-5a7e-43b6-a2e1-a6a71f171b05,User_76,user76@example.com,+919829742424,23,F,Pune,2025-09-24T13:51:20.938107,web
85614ccc-0949-4a03-a33a-38b2340aaca1,User_77,user77@example.com,+919889635392,37,M,Bangalore,2025-07-19T13:51:20.938122,web
c852846f-39ad-4f90-a373-f27b686cbd6b,User_78,user78@example.com,+917198486416,33,F,Mumbai,2026-02-19T13:51:20.938135,store
04ecb97a-42da-4546-96ee-d1ae2e3400b2,User_79,user79@example.com,+919704821724,54,M,Kolkata,2025-01-16T13:51:20.938156,store
7973b72a-555e-4256-a39e-9b40be1a259d,User_80,user80@example.com,+918047905204,27,Other,Hyderabad,2025-01-31T13:51:20.938168,web
d926ac6a-7059-48e3-9158-1d17c4eddd09,User_81,user81@example.com,+917939915527,29,Other,Ahmedabad,2025-01-05T13:51:20.938181,web
7ccb849f-e106-4134-8160-f987f717c7de,User_82,user82@example.com,+918070298438,25,F,Delhi,2024-08-23T13:51:20.938193,store
f147feb5-d760-42b9-978a-4c7d74aa903a,User_83,user83@example.com,+919281194061,53,Other,Pune,2024-05-02T13:51:20.938206,store
2d085040-be9a-497e-812b-d0c170b17e58,User_84,user84@example.com,+919168005699,45,Other,Ahmedabad,2024-06-27T13:51:20.938219,web
79fc4812-26d3-4ade-93fb-8c817b2fb15b,User_85,user85@example.com,+918933034905,34,M,Chennai,2024-11-15T13:51:20.938237,mobile
b3f884c2-631e-4f50-8ebb-a704e4cd049d,User_86,user86@example.com,+919691864041,33,F,Ahmedabad,2024-11-05T13:51:20.938258,web
32528c9b-b758-4757-b73f-1f5e974a7789,User_87,user87@example.com,+918007142260,35,F,Pune,2025-05-28T13:51:20.938303,mobile
d8485234-37db-4394-ae90-cbf6891d00c3,User_88,user88@example.com,+917594312071,27,M,Kolkata,2025-12-24T13:51:20.938316,mobile
a221350b-2da3-45e2-b548-7a7cef3f240c,User_89,user89@example.com,+917918920620,22,F,Kolkata,2025-10-11T13:51:20.938328,store
fe8004db-ae57-4bee-a0a8-df5308934a24,User_90,user90@example.com,+919001129658,44,M,Bangalore,2024-09-07T13:51:20.938340,store
327977bd-0cc0-4e37-a898-be7b1668b132,User_91,user91@example.com,+919508601974,62,M,Kolkata,2025-02-11T13:51:20.938355,store
1ad0c269-9ca7-41f3-92b2-3f548e7fa43c,User_92,user92@example.com,+918510792572,37,F,Kolkata,2026-03-10T13:51:20.938378,mobile
ea4f8aeb-9ef4-46ca-953e-5e309b9171ca,User_93,user93@example.com,+919590950133,32,F,Bangalore,2024-09-03T13:51:20.938405,store
0a6dd152-f4e3-4ace-b8a8-88e743549233,User_94,user94@example.com,+919085816511,19,F,Pune,2024-12-25T13:51:20.938418,mobile
637c0f84-207d-48a7-a962-320e19bc238f,User_95,user95@example.com,+918736526879,64,M,Ahmedabad,2024-04-20T13:51:20.938430,web
486e7590-a65d-4b51-90c2-c0656ce8f42e,User_96,user96@example.com,+919294043548,19,F,Hyderabad,2024-06-17T13:51:20.938442,web
205c75d8-28e9-4d23-8dcb-9138a6caf086,User_97,user97@example.com,+918840877826,26,F,Delhi,2024-05-27T13:51:20.938458,web
6348aef4-0c22-4f32-82aa-af99e49beca1,User_98,user98@example.com,+918628238707,38,M,Ahmedabad,2025-06-23T13:51:20.938474,store
7093f3f7-0a13-433d-ac30-374888d8fff3,User_99,user99@example.com,+918628334692,35,F,Chennai,2025-04-05T13:51:20.938486,web
1234b85a-6c0e-42b9-8953-1aa40eca3434,User_100,user100@example.com,+917083250566,65,Other,Hyderabad,2024-11-20T13:51:20.938498,store
d7eaed06-94e3-43b5-9ea6-a33d8c0b3122,User_101,user101@example.com,+919792347639,22,Other,Hyderabad,2025-07-30T13:51:20.938524,web
039c9b20-dd1e-4d98-ac25-be384c76f160,User_102,user102@example.com,+917856247605,19,Other,Delhi,2025-07-06T13:51:20.938577,web
c59d268a-6f92-4a9c-9055-5dc476e1c531,User_103,user103@example.com,+919033929266,60,M,Bangalore,2025-11-07T13:51:20.938595,store
37719c60-2dce-4f9d-ac9f-4aa5da5bbcd8,User_104,user104@example.com,+918584392711,28,Other,Mumbai,2025-06-27T13:51:20.938611,web
bdb77e2b-5d39-41d7-8683-b92222eebcd7,User_105,user105@example.com,+917464280597,55,M,Chennai,2025-05-02T13:51:20.938624,mobile
5a523974-ed22-4369-bcef-5a8a76366df3,User_106,user106@example.com,+918611931113,43,Other,Bangalore,2024-04-22T13:51:20.938638,web
94d0b5a3-a86a-4abe-816b-c62b05ebe72f,User_107,user107@example.com,+919966166331,58,M,Mumbai,2024-07-18T13:51:20.938650,mobile
0dd9e3a0-993b-425d-814d-c34301fb337f,User_108,user108@example.com,+919938870196,56,M,Hyderabad,2025-05-12T13:51:20.938663,store
b99c3e55-f199-4dc5-b146-d6358e2b84b5,User_109,user109@example.com,+918839869544,60,F,Mumbai,2024-09-17T13:51:20.938675,mobile
bfa1faa6-7870-4ab7-b386-25eb3624f4dc,User_110,user110@example.com,+918465576748,18,F,Ahmedabad,2024-05-22T13:51:20.938688,web
3b8720b7-1934-40c2-a4b6-c15492ac2d17,User_111,user111@example.com,+918555585773,58,F,Delhi,2024-12-28T13:51:20.938700,store
0728b6c8-7eab-48c3-a4e0-0f8f8dbf95f8,User_112,user112@example.com,+919240885202,59,F,Ahmedabad,2025-09-17T13:51:20.938712,store
255c4ea4-afab-4c32-a4e0-91d634e91b6a,User_113,user113@example.com,+919544659112,35,F,Bangalore,2024-12-25T13:51:20.938725,web
71ed938f-c557-407e-b2c5-6db5e002ec6c,User_114,user114@example.com,+918936179853,33,F,Kolkata,2025-06-04T13:51:20.938739,store
0ebad927-eae2-4b88-a206-9da927294c87,User_115,user115@example.com,+919123030247,38,M,Ahmedabad,2026-02-15T13:51:20.938756,web
ff3bc83f-7267-4530-ae44-86792304c864,User_116,user116@example.com,+918109615163,39,F,Chennai,2025-03-18T13:51:20.938768,mobile
0ebb1121-5e3e-4d5b-b10b-61858bcd68c5,User_117,user117@example.com,+919218897149,30,M,Bangalore,2026-03-06T13:51:20.938780,mobile
9d5bc314-79d9-4dee-966f-dba735c7590f,User_118,user118@example.com,+919098425880,53,M,Ahmedabad,2025-01-24T13:51:20.938811,mobile
e25f4035-459a-430c-a3b0-ae644d2ee520,User_119,user119@example.com,+918924895021,19,M,Chennai,2024-10-30T13:51:20.938823,web
a295cf72-e598-4850-963d-6023136619cc,User_120,user120@example.com,+919971203213,33,F,Pune,2025-01-26T13:51:20.938835,store
42739148-1263-40e6-8a79-44cde3b55420,User_121,user121@example.com,+919280292341,40,F,Pune,2024-08-27T13:51:20.938847,store
124fdab2-2639-4150-91cf-625e1a170d06,User_122,user122@example.com,+918163577186,37,F,Bangalore,2024-12-07T13:51:20.938860,web
10c5aaaa-16e0-442a-b44c-907f6d455a23,User_123,user123@example.com,+918355268102,25,Other,Delhi,2025-08-31T13:51:20.938872,web
0662b6ce-20a3-4d11-92e7-9ebde7122461,User_124,user124@example.com,+919079617090,35,Other,Chennai,2025-08-07T13:51:20.938887,web
8757f80d-81ed-4e4f-a7d0-dd997cfdac05,User_125,user125@example.com,+918272368870,32,F,Delhi,2025-08-30T13:51:20.938915,store
fd6dddea-61e9-40b1-9ccc-6fa3d1499f25,User_126,user126@example.com,+919294092753,26,F,Hyderabad,2026-03-02T13:51:20.938941,web
5b737127-dd4b-42d2-8e51-24ce5e175dba,User_127,user127@example.com,+918254717325,62,M,Ahmedabad,2024-08-27T13:51:20.938954,web
84af72e6-800a-4dd4-88b4-15fe1f894bef,User_128,user128@example.com,+919465587067,36,F,Ahmedabad,2026-03-04T13:51:20.938966,store
caf9ba8e-9dd9-4b84-8f45-aaf06185a794,User_129,user129@example.com,+917791835934,21,F,Ahmedabad,2025-04-02T13:51:20.938979,web
3353b7da-6f12-42f1-9424-fbde65b4b5f8,User_130,user130@example.com,+918721025347,49,M,Hyderabad,2026-01-09T13:51:20.939007,web
213cdff4-524e-4003-8867-9e89d1f540f2,User_131,user131@example.com,+919417377633,37,M,Bangalore,2025-10-15T13:51:20.939038,web
400b741d-0ca0-45d6-8523-573617fee653,User_132,user132@example.com,+918787453807,56,Other,Bangalore,2024-08-22T13:51:20.939051,mobile
8731ca65-1e1e-4850-a464-1901c9b19bd4,User_133,user133@example.com,+918934944879,46,F,Kolkata,2025-02-20T13:51:20.939063,store
3446f091-304c-48ee-8228-02b3d1c875dc,User_134,user134@example.com,+919667292043,21,Other,Mumbai,2024-08-11T13:51:20.939075,web
0560a543-8369-4fc5-a080-3704ce1ea87d,User_135,user135@example.com,+917906346324,34,Other,Mumbai,2024-06-14T13:51:20.939089,web
4978ccb0-1e80-4cf0-b90a-0a40f49394dc,User_136,user136@example.com,+917746523513,53,M,Delhi,2025-07-14T13:51:20.939100,web
32ffa999-0fab-4f21-8377-940aa0f754eb,User_137,user137@example.com,+918934898666,62,Other,Ahmedabad,2025-01-22T13:51:20.939112,store
dfd88f4a-881a-4321-818c-18b086464918,User_138,user138@example.com,+917994182853,36,Other,Chennai,2026-02-11T13:51:20.939124,mobile
616ee21c-1141-485b-98f2-fdb0e48d66c0,User_139,user139@example.com,+917305714736,61,M,Chennai,2024-12-07T13:51:20.939135,mobile
034fb1e4-e5d9-468d-91ee-334981a4ff94,User_140,user140@example.com,+919839759520,30,F,Mumbai,2024-07-21T13:51:20.939148,mobile
70928f45-8f59-44f3-973d-95a5d8e1a0c7,User_141,user141@example.com,+919781569954,27,F,Delhi,2025-07-29T13:51:20.939160,web
ece47cd8-cb49-4524-9386-ce6691914b6e,User_142,user142@example.com,+917712632936,37,Other,Chennai,2026-01-14T13:51:20.939172,store
e28f4770-6966-405d-a263-775367525a66,User_143,user143@example.com,+919013042435,62,F,Kolkata,2025-11-09T13:51:20.939184,store
4a048325-8212-43a5-beca-25ad536f4cee,User_144,user144@example.com,+919319203166,49,F,Mumbai,2024-10-20T13:51:20.939196,mobile
5bf4583e-b845-45d7-884b-2881ba288b9d,User_145,user145@example.com,+918855548990,65,F,Chennai,2026-02-04T13:51:20.939212,web
46ea7f90-58e8-4782-952d-04f6cbed438e,User_146,user146@example.com,+917983222878,61,Other,Hyderabad,2025-12-13T13:51:20.939226,mobile
5b57c74e-573c-4427-abd3-d81ce726c936,User_147,user147@example.com,+919474961963,20,M,Ahmedabad,2025-06-14T13:51:20.939240,mobile
7d28fc06-382b-4f4f-9e91-26fffddc8356,User_148,user148@example.com,+918899360801,35,M,Kolkata,2024-05-18T13:51:20.939255,mobile
bbc3ffc3-639e-44b8-bab5-4f66ba758fd7,User_149,user149@example.com,+917391883149,48,F,Kolkata,2024-10-29T13:51:20.939267,store
89d1cd9f-53a3-4cb9-8d4c-783ca398d230,User_150,user150@example.com,+919878201524,24,M,Pune,2025-04-22T13:51:20.939279,store
b237f9d5-60b3-45de-bbeb-f64d46377e62,User_151,user151@example.com,+918237886015,60,F,Hyderabad,2024-10-25T13:51:20.939291,store
c8bc6461-f15e-48de-b1ae-15a4fb815418,User_152,user152@example.com,+918350840898,34,F,Mumbai,2025-12-16T13:51:20.939304,store
eeba25c3-bc51-40f2-ad4f-d841787e2823,User_153,user153@example.com,+917004943787,60,Other,Ahmedabad,2024-10-06T13:51:20.939320,store
26c7cb26-7ff0-42e0-be22-ca8bac43dfda,User_154,user154@example.com,+917805660882,51,F,Ahmedabad,2026-01-20T13:51:20.939349,mobile
0ffa2fd2-7b2b-4401-b033-eccfd8ef021c,User_155,user155@example.com,+917221670908,31,F,Delhi,2024-12-19T13:51:20.939367,store
ac9e9fa2-9a9f-4abb-bf77-bce10aeed1be,User_156,user156@example.com,+919998961044,49,M,Hyderabad,2024-12-23T13:51:20.939379,mobile
0cfd5607-d58f-4d81-9835-b178d717b015,User_157,user157@example.com,+918027774780,63,M,Chennai,2024-07-01T13:51:20.939391,mobile
16e7deb1-5e07-4f9f-b198-5181d24733dd,User_158,user158@example.com,+919371901750,44,M,Bangalore,2026-03-02T13:51:20.939403,web
a1674076-3038-4d42-97bd-ba83e6a52720,User_159,user159@example.com,+917504513251,59,M,Ahmedabad,2024-11-29T13:51:20.939415,mobile
de68630e-da9e-45bb-9038-1aeb89f735f1,User_160,user160@example.com,+919185588660,63,F,Kolkata,2025-05-22T13:51:20.939433,store
c7a05006-af72-4fe4-af69-4916237acd03,User_161,user161@example.com,+918046816259,47,Other,Delhi,2024-11-18T13:51:20.939461,store
68fcba4b-67dc-40a5-b324-7628db4cddbb,User_162,user162@example.com,+919574307168,50,Other,Delhi,2025-09-02T13:51:20.939487,web
b6bae32c-417a-4606-ab1f-a80de57064d7,User_163,user163@example.com,+918782164134,39,Other,Chennai,2025-06-07T13:51:20.939501,web
d94b6713-3071-40cb-b879-b1983278bef5,User_164,user164@example.com,+918282287615,55,Other,Ahmedabad,2025-05-31T13:51:20.939527,web
a25735b8-5c51-4599-aa6b-d519ac2f083a,User_165,user165@example.com,+919313185971,48,F,Pune,2024-12-14T13:51:20.939560,mobile
319b258d-67c6-4fda-93e9-f3a9fa80bcf2,User_166,user166@example.com,+918620104855,47,F,Bangalore,2024-09-06T13:51:20.939573,mobile
e83d5e91-42bc-417b-be08-af280ea86d5d,User_167,user167@example.com,+919455852189,42,M,Kolkata,2025-07-15T13:51:20.939586,web
aeba8343-1c08-4938-bff0-4056adb1a9f6,User_168,user168@example.com,+919031417512,63,F,Kolkata,2025-04-25T13:51:20.939598,mobile
02e42010-f231-4ab6-bf73-8efa9d7e8f75,User_169,user169@example.com,+917653287375,49,M,Delhi,2024-05-18T13:51:20.939611,mobile
ae851670-1c59-4e22-9edd-1d3d7b880e7c,User_170,user170@example.com,+918425906387,24,F,Mumbai,2024-07-20T13:51:20.939623,mobile
414fe86c-ccc0-4e02-8482-569b40e59aaa,User_171,user171@example.com,+917065917432,64,M,Kolkata,2024-12-04T13:51:20.939635,mobile
897ea419-5205-4856-81b1-ab4a07c658a1,User_172,user172@example.com,+917321384892,48,F,Pune,2025-10-09T13:51:20.939648,mobile
d4480b7f-44e3-442c-a15d-0691a9d44d3d,User_173,user173@example.com,+919791027186,23,F,Kolkata,2025-02-02T13:51:20.939661,store
6fe8c4f8-6f02-4706-b398-6c3d0653b820,User_174,user174@example.com,+919095718469,52,M,Mumbai,2024-06-13T13:51:20.939674,web
c965e9c5-69cf-4549-9341-be2f2bdff784,User_175,user175@example.com,+919939473765,36,M,Mumbai,2024-06-08T13:51:20.939686,store
a00a95c9-a5cf-4c8d-8945-2a6b7eddd907,User_176,user176@example.com,+919721926191,63,M,Ahmedabad,2025-12-06T13:51:20.939699,web
032cac28-42f5-4e97-be1e-7846737d3d0c,User_177,user177@example.com,+917124327519,20,F,Hyderabad,2025-05-14T13:51:20.939713,store
0243414e-22d6-4838-af16-077df8d8686f,User_178,user178@example.com,+918609930218,45,M,Bangalore,2025-03-14T13:51:20.939728,mobile
3c0ec3bc-82a6-49b7-bc9b-7911b3f741a6,User_179,user179@example.com,+919430642523,61,M,Delhi,2025-01-19T13:51:20.939740,web
964b7af0-f945-4a93-a040-a1f71aed720f,User_180,user180@example.com,+919617747281,42,Other,Bangalore,2025-12-26T13:51:20.939752,store
4bc1996f-9825-4f06-85da-2b0db239e855,User_181,user181@example.com,+917614685938,32,F,Chennai,2024-07-27T13:51:20.939767,store
0179c606-5228-495f-bf48-438074367fba,User_182,user182@example.com,+919864059081,18,F,Chennai,2025-06-28T13:51:20.939779,mobile
181f6def-75b2-4650-8010-6b2d2c405278,User_183,user183@example.com,+917678500147,22,F,Pune,2024-09-03T13:51:20.939792,mobile
ed10b742-1bb9-4089-81b1-75d4bac59b90,User_184,user184@example.com,+919744220825,45,Other,Chennai,2025-05-14T13:51:20.939806,store
ea1872d3-f341-4e4d-ba06-92d09a33fa7a,User_185,user185@example.com,+917855630484,42,F,Mumbai,2025-05-11T13:51:20.939819,web
8de4ba42-f9cc-4561-9d63-a626e4997a50,User_186,user186@example.com,+919456389272,40,Other,Chennai,2025-02-19T13:51:20.939842,mobile
52b779bf-b219-4f6a-bf6d-facce6fa6900,User_187,user187@example.com,+917094229853,60,F,Chennai,2025-05-18T13:51:20.939861,web
6951a992-1ef4-4e7f-af9b-4a2989cadc35,User_188,user188@example.com,+919945486396,65,M,Ahmedabad,2024-08-14T13:51:20.939874,store
43c92511-959a-4446-90c1-fe53cc07de9f,User_189,user189@example.com,+919607324296,40,M,Bangalore,2025-07-24T13:51:20.939887,mobile
0710c154-efdf-49d3-967a-8e039d47a392,User_190,user190@example.com,+919910976189,64,Other,Delhi,2025-07-03T13:51:20.939899,mobile
a7b1d04c-20b3-4043-8752-459a280b14a5,User_191,user191@example.com,+919694912057,59,M,Chennai,2025-12-07T13:51:20.939911,store
dd438a1f-d050-4e92-8063-444c9b52b2e1,User_192,user192@example.com,+919489250532,41,Other,Delhi,2026-02-10T13:51:20.939923,web
d0e41f6c-c8cb-4de6-86a7-55eb1edf917c,User_193,user193@example.com,+918403247962,65,F,Delhi,2025-05-18T13:51:20.939937,web
eb136255-db39-4861-8dc4-15cb1a767613,User_194,user194@example.com,+919316738668,41,Other,Chennai,2025-11-01T13:51:20.939951,web
8040cbdd-63a5-4643-98aa-2a7670be6024,User_195,user195@example.com,+919069520666,36,Other,Pune,2025-06-26T13:51:20.939963,web
b404a8e7-16e4-4439-a553-4fc2473a176b,User_196,user196@example.com,+917323408297,27,M,Kolkata,2024-11-22T13:51:20.939976,mobile
d5c0759f-5701-4654-842a-fc8eae714de1,User_197,user197@example.com,+917387847884,43,M,Chennai,2025-03-07T13:51:20.939988,mobile
d6ffbccc-f1ed-4c8d-bc34-01a57153c74b,User_198,user198@example.com,+918953291127,41,Other,Chennai,2025-11-10T13:51:20.940004,mobile
29a057d1-7c37-45a4-8af5-5c3dcb4ad8a3,User_199,user199@example.com,+919742548209,41,M,Bangalore,2025-02-19T13:51:20.940015,store
6b1fe901-5849-41af-9f5a-20e3dd30b27e,User_200,user200@example.com,+919660933507,53,F,Bangalore,2026-02-19T13:51:20.940027,mobile
4bc84d88-5090-4d9a-b9f2-9f3db59d8a27,User_201,user201@example.com,+919729039064,47,Other,Chennai,2026-01-11T13:51:20.940039,mobile
643e9ab7-7f06-4631-b966-7cdf4dff8ad3,User_202,user202@example.com,+917501119337,26,M,Hyderabad,2025-01-22T13:51:20.940050,store
617476de-8ec5-4f6e-860d-7c8277a7c4b1,User_203,user203@example.com,+917498733671,24,M,Delhi,2024-10-28T13:51:20.940066,store
bd37825a-25ad-4b2f-969e-c624e095feb8,User_204,user204@example.com,+918593482331,60,Other,Kolkata,2024-12-07T13:51:20.940097,mobile
03cd349e-dd04-4d46-a08f-6b40026ac251,User_205,user205@example.com,+918781915481,59,M,Ahmedabad,2025-10-09T13:51:20.940110,mobile
0a3c7b2d-e015-4c8e-aa15-0904eea35e94,User_206,user206@example.com,+918201474778,20,Other,Pune,2025-01-23T13:51:20.940129,web
a712e0dd-13e1-4baa-80c6-cd2b2204d7bb,User_207,user207@example.com,+918909954149,33,F,Mumbai,2024-12-17T13:51:20.940157,mobile
00f19281-9ad5-4f42-a8c1-0691767a4db1,User_208,user208@example.com,+919338463041,59,F,Hyderabad,2025-03-05T13:51:20.940171,store
d7e80692-b86e-40b6-b9de-46a15d1df915,User_209,user209@example.com,+917815221547,25,F,Mumbai,2025-06-07T13:51:20.940186,mobile
312c0f57-1c60-4283-ae57-d81c0a0b7cdd,User_210,user210@example.com,+919756099698,58,Other,Hyderabad,2025-08-11T13:51:20.940200,web
029bb607-5a35-4265-a4d3-cf749e6ea3f3,User_211,user211@example.com,+918046120419,26,Other,Bangalore,2025-04-09T13:51:20.940212,web
dc912c17-7525-4588-998c-505710c01b09,User_212,user212@example.com,+917889734128,55,M,Bangalore,2024-08-26T13:51:20.940224,store
38881b64-3e38-4b34-bf33-d8f08e89bdb5,User_213,user213@example.com,+919559721644,18,F,Delhi,2025-10-16T13:51:20.940237,web
d5327b4f-92bb-47e0-8591-523fd0425dda,User_214,user214@example.com,+918076551580,29,M,Hyderabad,2024-09-09T13:51:20.940250,web
5346484c-2d6c-4d8b-abc1-1949a60165bb,User_215,user215@example.com,+918538638860,33,Other,Pune,2026-03-01T13:51:20.940262,web
48fb6021-8054-4fbb-8b47-87326c61c00b,User_216,user216@example.com,+918139744790,21,M,Kolkata,2025-09-19T13:51:20.940274,mobile
b5e852ab-dc42-45d2-80ed-061b15e85082,User_217,user217@example.com,+917272979685,48,F,Pune,2025-11-20T13:51:20.940287,mobile
5a07bc88-ff0b-4476-965f-f4c8d2922d97,User_218,user218@example.com,+917468383404,46,Other,Bangalore,2024-07-17T13:51:20.940302,mobile
967a969f-428a-4ffe-ad7a-fb432d7496a2,User_219,user219@example.com,+919829967158,51,F,Ahmedabad,2026-01-31T13:51:20.940327,mobile
87554c20-10a5-4d5b-a814-26d32d96bfcc,User_220,user220@example.com,+917261243105,48,F,Kolkata,2026-02-13T13:51:20.940339,mobile
d644d7f1-f084-4ec8-a9ef-a0f40649a17b,User_221,user221@example.com,+919105688676,63,F,Mumbai,2025-11-26T13:51:20.940351,web
c49ee3c5-aa37-4df0-bed9-2497197ddbb3,User_222,user222@example.com,+919612617557,27,M,Delhi,2025-04-21T13:51:20.940363,store
6301e89f-3cc4-42a0-8a28-abe0a1c9dfcf,User_223,user223@example.com,+919719043833,55,Other,Pune,2024-06-15T13:51:20.940378,store
71dd2652-ac88-488d-9869-d71b4a955866,User_224,user224@example.com,+919278724262,36,F,Kolkata,2024-07-13T13:51:20.940392,web
81c9fc48-3729-4936-b13b-53365da461ff,User_225,user225@example.com,+919811970742,59,Other,Bangalore,2025-11-19T13:51:20.940414,store
e55e95ef-f1cb-40bc-bc2a-bed8e28fabad,User_226,user226@example.com,+917981372436,44,F,Ahmedabad,2024-12-09T13:51:20.940446,store
8c0729b0-bedb-4edf-a078-95151b63f71e,User_227,user227@example.com,+917408390575,38,F,Pune,2025-01-15T13:51:20.940459,mobile
6f391870-9416-4da1-a5a1-4a2f0be76e0e,User_228,user228@example.com,+918607610633,27,Other,Ahmedabad,2025-06-28T13:51:20.940471,web
c8d10fb3-b0d6-4395-abbf-fd46d3f2dd82,User_229,user229@example.com,+917366637148,23,F,Mumbai,2025-12-13T13:51:20.940484,mobile
1730f2ee-7c94-409e-87b9-9e4384fc7de1,User_230,user230@example.com,+917558841618,53,M,Pune,2025-02-28T13:51:20.940502,mobile
d27db049-06bb-49d0-9384-1d005fc4197d,User_231,user231@example.com,+918764409657,40,Other,Kolkata,2025-11-11T13:51:20.940551,mobile
8290b56a-c317-4563-a6ed-d3324c017372,User_232,user232@example.com,+918235358894,56,F,Pune,2026-01-23T13:51:20.940569,web
893a1913-8bbc-4c49-821a-1dc2aff85261,User_233,user233@example.com,+919179320310,31,M,Ahmedabad,2024-08-02T13:51:20.940582,web
f034c227-4c36-4efd-aaf6-21c60e1aa1f6,User_234,user234@example.com,+918503728142,53,F,Mumbai,2025-11-26T13:51:20.940594,store
84d1dfb4-674d-49fb-b335-c37a563eaa93,User_235,user235@example.com,+917971345904,45,Other,Hyderabad,2024-08-06T13:51:20.940606,mobile
e35fef50-cb52-412f-8c9d-fbe01e30d289,User_236,user236@example.com,+919978436070,35,M,Delhi,2024-05-12T13:51:20.940618,store
9d57b2f2-8959-4ba6-a225-7aae14a7ca35,User_237,user237@example.com,+918459535801,40,M,Delhi,2025-05-04T13:51:20.940631,web
90a4a608-cd97-4173-87a3-ad27a512c33e,User_238,user238@example.com,+919823273703,43,M,Delhi,2024-08-14T13:51:20.940642,mobile
8dffa9f2-549a-4fcc-bc8a-89381a4325e6,User_239,user239@example.com,+917131671246,23,Other,Bangalore,2024-06-06T13:51:20.940654,store
62333fd8-0787-4f08-8f24-0bd988d5394f,User_240,user240@example.com,+918948393831,39,M,Pune,2025-01-11T13:51:20.940667,store
7a2c8513-4c58-41e2-a436-bd6a6a91e982,User_241,user241@example.com,+919437795758,56,M,Hyderabad,2025-04-18T13:51:20.940681,web
5ac0a3cf-2c26-41de-a57f-27a7ff60dd55,User_242,user242@example.com,+919653594796,21,Other,Mumbai,2025-10-06T13:51:20.940695,store
59734e6c-879e-4a68-86e6-a30c9e01f2a6,User_243,user243@example.com,+919843005049,45,F,Ahmedabad,2024-12-18T13:51:20.941735,store
46a28351-96db-49e2-8f94-2a1ff20a0c8d,User_244,user244@example.com,+917925861658,50,M,Pune,2025-06-10T13:51:20.941790,store
da991ae8-4eeb-4b2d-821b-05b27c818222,User_245,user245@example.com,+918216534332,61,Other,Ahmedabad,2025-11-23T13:51:20.941831,mobile
83f4d053-1157-4bf6-ba2d-e0c7bd42c0be,User_246,user246@example.com,+918324651201,20,M,Kolkata,2024-05-02T13:51:20.941867,mobile
c7d6cbcc-8efc-429b-a460-4d3d2147967b,User_247,user247@example.com,+917033015788,31,F,Bangalore,2026-01-19T13:51:20.941896,web
cd0f116b-8b06-4970-a39d-a895155e5d42,User_248,user248@example.com,+918243165953,38,M,Hyderabad,2025-06-28T13:51:20.941924,store
7854426f-3ba2-4c07-8849-e06fc12c1b12,User_249,user249@example.com,+917754603440,26,F,Bangalore,2024-12-31T13:51:20.941939,mobile
358a9a69-4053-46f2-a165-b9bfb7aef8e6,User_250,user250@example.com,+919869245055,40,M,Kolkata,2024-08-21T13:51:20.941952,mobile
78d4e439-fa45-4a8f-9594-3c1461777872,User_251,user251@example.com,+918873548915,19,F,Mumbai,2026-02-01T13:51:20.941965,store
77a1f19a-1cff-43c5-b777-99dc030e28ab,User_252,user252@example.com,+918843761970,54,F,Kolkata,2024-08-04T13:51:20.941977,store
17b5440a-a8df-4fd5-997a-0921ee427014,User_253,user253@example.com,+918739600515,19,F,Delhi,2025-11-19T13:51:20.941990,mobile
675701f2-8821-48a1-b6cd-c7205873c1e2,User_254,user254@example.com,+919961852565,41,M,Kolkata,2024-11-30T13:51:20.942016,web
10a2df5c-33d0-4125-922e-bf481cd31fd5,User_255,user255@example.com,+918871216424,55,F,Mumbai,2025-07-10T13:51:20.942034,store
94b600f4-25f6-4f09-953a-1f6a8db7a88f,User_256,user256@example.com,+918458198451,32,F,Delhi,2025-05-03T13:51:20.942062,web
f556570a-83d4-4f36-bcdc-aa50e4af7c10,User_257,user257@example.com,+919719679239,25,Other,Bangalore,2024-10-10T13:51:20.942090,store
7fc349aa-f17a-4f08-9eec-fab40d4f299b,User_258,user258@example.com,+919772156452,27,M,Mumbai,2025-03-22T13:51:20.942134,web
399dd347-bbce-4207-aac1-1923f065145e,User_259,user259@example.com,+917847275937,29,Other,Delhi,2025-06-27T13:51:20.942159,mobile
4b8e09cb-caba-44f2-a067-285da4e537ef,User_260,user260@example.com,+917760836806,58,F,Ahmedabad,2025-12-29T13:51:20.942172,mobile
b9495a6f-5d1f-4934-9ae7-1176dbb78c66,User_261,user261@example.com,+918928033396,61,Other,Pune,2024-07-31T13:51:20.942184,mobile
cc6dc755-3bcc-4846-adc8-a43fc84f193c,User_262,user262@example.com,+917648357091,46,M,Ahmedabad,2025-04-27T13:51:20.942197,store
69eef18a-207f-452e-a30d-7136e30bde79,User_263,user263@example.com,+918300603858,35,Other,Hyderabad,2024-06-08T13:51:20.942229,store
ce9ec809-07f0-4c7d-bac2-93ca4b323b9d,User_264,user264@example.com,+917318646463,37,F,Ahmedabad,2024-10-13T13:51:20.942256,web
de68fb7c-314a-441e-8f92-23d7f49a490a,User_265,user265@example.com,+918583715924,36,M,Mumbai,2026-01-17T13:51:20.942275,mobile
f3ab7cce-0457-400d-bf61-d02b31de7dd9,User_266,user266@example.com,+919177839698,42,F,Hyderabad,2024-07-16T13:51:20.942306,store
be029ce5-cd24-42ad-8779-03ff5f9f714b,User_267,user267@example.com,+919799620568,30,F,Ahmedabad,2024-08-08T13:51:20.942332,mobile
5034622a-2469-4dba-9e13-706f0eafd0c5,User_268,user268@example.com,+917265745534,46,M,Pune,2025-10-13T13:51:20.942345,mobile
4c7f58a8-13fa-4e51-9b68-67a6d7e2f59e,User_269,user269@example.com,+919167021467,59,M,Hyderabad,2025-12-20T13:51:20.942358,web
a18309c4-a283-406a-9f8a-e402aa32ac66,User_270,user270@example.com,+918887302225,51,Other,Delhi,2024-12-23T13:51:20.942371,store
82c6b92a-eacb-45ed-b8c3-430b0d490459,User_271,user271@example.com,+918215018687,42,F,Pune,2025-02-28T13:51:20.942383,mobile
bd3fac18-11b2-4e27-97ee-097355e2ae12,User_272,user272@example.com,+917224908174,58,Other,Pune,2024-07-12T13:51:20.942395,web
934582b4-4335-41ae-8710-77f29f6f6c81,User_273,user273@example.com,+917405899939,53,Other,Kolkata,2025-04-13T13:51:20.942408,store
2bf20add-b53d-4ece-be51-331ebb53ad0c,User_274,user274@example.com,+919819921250,56,M,Pune,2025-07-01T13:51:20.942424,web
c93f2cd4-13a8-4f0f-8d1a-8854990eb1b2,User_275,user275@example.com,+919850192297,27,F,Chennai,2024-07-28T13:51:20.942441,mobile
9250bcb7-8e85-4859-9210-77e4d80ea8af,User_276,user276@example.com,+918683446724,26,Other,Mumbai,2024-05-07T13:51:20.942454,store
c69c213c-78e1-4bab-9a52-334bd420ad6d,User_277,user277@example.com,+918617825308,59,F,Delhi,2024-08-21T13:51:20.942466,mobile
853320e2-2a2e-4c3f-adc1-dda36244a5bf,User_278,user278@example.com,+917401377436,59,Other,Kolkata,2024-09-23T13:51:20.942478,mobile
a297e636-369b-47d2-b6d9-e19bf136f198,User_279,user279@example.com,+917078299575,41,F,Delhi,2025-03-11T13:51:20.942490,web
aec97b20-5ba5-49c5-825e-394baa6577c2,User_280,user280@example.com,+919088517710,30,M,Delhi,2025-04-01T13:51:20.942501,web
ef8b891a-8f31-48c0-87ec-dd90e192da22,User_281,user281@example.com,+918270417388,24,Other,Hyderabad,2025-12-27T13:51:20.942528,mobile
2265ad7d-6f3d-45e9-99ad-c1533863d3ba,User_282,user282@example.com,+919654424954,26,Other,Kolkata,2025-04-06T13:51:20.942566,web
cd4bae82-f1c1-4249-b9de-54fb8ee5a56a,User_283,user283@example.com,+917776727492,62,Other,Delhi,2025-10-01T13:51:20.942594,mobile
4d822340-7e45-4eb3-a279-41f8e82e1084,User_284,user284@example.com,+917187657564,44,F,Bangalore,2024-12-23T13:51:20.942609,store
58baa912-a1cf-4bb6-a3ac-cdfccf1ec74b,User_285,user285@example.com,+918223756141,65,F,Bangalore,2024-06-29T13:51:20.942636,mobile
2fa382ae-d79d-488d-95e2-61f2338ea04b,User_286,user286@example.com,+918329154472,48,M,Pune,2025-07-15T13:51:20.942651,mobile
56753df8-73b2-4c85-bad5-0476a1357785,User_287,user287@example.com,+918892351448,47,F,Kolkata,2024-08-09T13:51:20.942668,mobile
439867bf-aa4f-4697-aaf1-3b9e12b22379,User_288,user288@example.com,+918798134537,28,M,Delhi,2024-09-22T13:51:20.942680,store
cfa50b22-dd88-4144-a163-40e5f68f236a,User_289,user289@example.com,+919753842979,48,F,Mumbai,2026-01-22T13:51:20.942692,mobile
4d5be6ed-605b-4d3a-83b2-7f62be7a5259,User_290,user290@example.com,+917535486944,36,M,Delhi,2024-10-04T13:51:20.942707,store
89052c15-2c75-45bd-b849-25d7912e366c,User_291,user291@example.com,+919204833223,27,F,Mumbai,2024-12-11T13:51:20.942722,web
da6a2aa5-e06f-422f-a9d1-fb75cb459423,User_292,user292@example.com,+918501456453,19,F,Hyderabad,2024-12-10T13:51:20.942734,store
51b8c361-d3b7-4bfc-a0c5-c15b2fc0a697,User_293,user293@example.com,+918606152369,33,F,Mumbai,2024-10-18T13:51:20.942747,store
045d4675-4ee0-49ec-a9b1-1d1db855e831,User_294,user294@example.com,+917121064582,38,M,Pune,2025-07-30T13:51:20.942760,web
e80f3f91-63af-4ba4-8042-16c99c87b341,User_295,user295@example.com,+917164510971,36,F,Delhi,2025-10-27T13:51:20.942772,mobile
0020e35e-aa5d-4890-a121-d2a1de6df4ca,User_296,user296@example.com,+918926728669,57,M,Mumbai,2024-11-21T13:51:20.942785,web
a539424b-3bc3-488a-86dd-c9667b50b118,User_297,user297@example.com,+917926230061,27,Other,Kolkata,2025-06-27T13:51:20.942797,web
ecf80b21-a29e-48cc-aeed-993c3d386c46,User_298,user298@example.com,+918020657023,37,M,Hyderabad,2025-05-25T13:51:20.942808,web
f45b6dd0-1af6-4a35-8377-7ab4e1b51575,User_299,user299@example.com,+919744276785,57,F,Mumbai,2025-01-11T13:51:20.942820,web
48939967-06c2-444f-bd14-4f7a500ae2cb,User_300,user300@example.com,+919562974666,52,M,Bangalore,2024-10-21T13:51:20.942832,mobile
ac9d43e7-e4a4-4d8f-b14c-e805d4976edf,User_301,user301@example.com,+918251003660,45,M,Pune,2025-10-20T13:51:20.942845,web
4a9cb868-6695-4bf7-93f9-6f179ead9401,User_302,user302@example.com,+918789144223,29,Other,Mumbai,2024-08-09T13:51:20.942859,mobile
8c0ec5af-151e-4280-ab18-606cae2ad64a,User_303,user303@example.com,+917290680473,51,Other,Hyderabad,2025-03-12T13:51:20.942871,store
4220b0ed-148d-4a5e-ac8f-7593460ab12d,User_304,user304@example.com,+917186978937,58,F,Pune,2024-11-20T13:51:20.942883,store
4b581a14-30d2-46dc-933e-c3d4fb4a84ea,User_305,user305@example.com,+918533706498,22,F,Bangalore,2026-02-28T13:51:20.942894,mobile
c55e3b0c-2166-4985-a1d3-11a262d3395d,User_306,user306@example.com,+919698343112,24,Other,Pune,2024-05-13T13:51:20.942909,web
c08b7d80-81ef-4d20-ae7b-8a8d690a6465,User_307,user307@example.com,+918513112872,52,F,Delhi,2026-01-30T13:51:20.942922,mobile
eb411509-29e2-4223-b53d-22fb38b6fbcf,User_308,user308@example.com,+919986674107,48,Other,Delhi,2024-11-26T13:51:20.942935,web
302fe327-d775-409b-8012-a97df34b403d,User_309,user309@example.com,+918965718821,20,F,Bangalore,2026-01-11T13:51:20.942951,web
6e1cf5e7-7914-4d62-b2b0-b64a0772ac65,User_310,user310@example.com,+917179984654,38,F,Kolkata,2025-08-24T13:51:20.942962,mobile
1b01f236-b755-4298-ae6c-63febc013b50,User_311,user311@example.com,+918087974350,20,Other,Bangalore,2024-11-17T13:51:20.942975,store
cf767ff6-17c9-4be0-a435-939dd95f7f2b,User_312,user312@example.com,+917205316740,59,F,Chennai,2025-03-16T13:51:20.942986,web
00824cc7-caaa-457e-9328-c8b8556afc23,User_313,user313@example.com,+918876691885,43,Other,Ahmedabad,2025-03-05T13:51:20.943003,store
5616721d-0a88-4f6c-b9ec-f604a0e9cde9,User_314,user314@example.com,+917802373824,49,Other,Ahmedabad,2025-04-03T13:51:20.943015,store
ba0f0624-b1c9-4f49-9041-fd7c7b1028a5,User_315,user315@example.com,+918145556651,23,Other,Kolkata,2024-10-01T13:51:20.943027,web
df32bb53-ea9a-4e24-b274-c603380b93de,User_316,user316@example.com,+919587517187,29,Other,Chennai,2024-12-31T13:51:20.943040,store
d0bf5589-ddd1-482b-a8f0-a1a1f51950c4,User_317,user317@example.com,+917343893360,38,Other,Chennai,2025-12-01T13:51:20.943053,store
8369c1b7-e066-4496-95c8-c4798a0240e4,User_318,user318@example.com,+919588240189,63,F,Delhi,2024-12-15T13:51:20.943065,mobile
02653886-b18f-49d1-befb-1360de21e764,User_319,user319@example.com,+918509882812,46,M,Pune,2024-12-17T13:51:20.943078,mobile
e126d0cb-6e82-4a85-b85f-f2678181bce6,User_320,user320@example.com,+918179206294,58,M,Mumbai,2024-12-26T13:51:20.943090,mobile
f6449f19-458b-444b-b1c6-fdab5901ee7d,User_321,user321@example.com,+918744659652,41,Other,Delhi,2024-06-02T13:51:20.943102,web
71dd238d-4040-4247-9b73-eff211153a97,User_322,user322@example.com,+919609505739,61,F,Hyderabad,2025-10-21T13:51:20.943119,web
c1207f04-88b4-4471-845c-87ac01dd5ff3,User_323,user323@example.com,+918013592436,59,F,Pune,2026-01-07T13:51:20.943132,store
4829a140-3157-48b9-87d5-344eb58b6325,User_324,user324@example.com,+917139093888,56,M,Ahmedabad,2024-08-13T13:51:20.943145,store
7a17c39e-ac79-4a16-b21a-b842db9df252,User_325,user325@example.com,+918906704716,22,Other,Delhi,2025-03-01T13:51:20.943162,mobile
fcce4cc1-7186-4f54-85f6-10e497d9899f,User_326,user326@example.com,+918709543220,38,Other,Chennai,2025-03-06T13:51:20.943197,web
a8448f61-5b18-4c98-82b9-083ed705ce61,User_327,user327@example.com,+917111296943,65,M,Ahmedabad,2025-11-20T13:51:20.943210,mobile
a22427fa-587c-4ef8-ac58-a71016ef9984,User_328,user328@example.com,+919412365931,25,F,Chennai,2025-02-13T13:51:20.943224,mobile
def31f26-998a-4ab5-805e-1a02aac4ed26,User_329,user329@example.com,+917921572928,57,F,Ahmedabad,2024-12-15T13:51:20.943236,web
325a16f2-810b-43e0-b3fa-e2d5e3c13093,User_330,user330@example.com,+917582949109,22,F,Delhi,2025-11-11T13:51:20.943249,mobile
8d828bfe-e76a-4489-8c2c-8660db2e545a,User_331,user331@example.com,+917377058351,61,F,Pune,2024-12-16T13:51:20.943261,mobile
008f3c83-68c5-44b4-8a91-226b4738b52d,User_332,user332@example.com,+919362219754,52,F,Chennai,2026-01-09T13:51:20.943275,web
53ca8461-e12a-4781-a412-c2791b9dff98,User_333,user333@example.com,+917747715196,41,Other,Bangalore,2024-06-01T13:51:20.943304,web
fbce644f-c034-451d-a9da-e01919623f87,User_334,user334@example.com,+917596471620,33,F,Hyderabad,2025-08-23T13:51:20.943318,store
d2d0328c-6454-4cfc-8e07-f86be9061924,User_335,user335@example.com,+919457912746,41,F,Delhi,2024-08-26T13:51:20.943349,mobile
d9b7e479-7962-472f-9f45-ed44bb42d6aa,User_336,user336@example.com,+917282385977,37,F,Ahmedabad,2025-12-18T13:51:20.943377,mobile
658f0200-2d82-4370-88f0-570c233853ef,User_337,user337@example.com,+918758503592,54,M,Delhi,2025-01-20T13:51:20.943390,store
cb79bd3b-830a-4465-b220-93a205d659c7,User_338,user338@example.com,+917318536327,46,F,Pune,2024-05-28T13:51:20.943405,web
66008cc3-2699-4807-9a2a-082a6a036e54,User_339,user339@example.com,+919747893988,55,M,Delhi,2024-08-29T13:51:20.943419,store
9fbdd83e-1473-4d7d-88eb-05463f65126d,User_340,user340@example.com,+917237996376,25,Other,Delhi,2024-10-18T13:51:20.943431,store
268931fe-8542-4672-96bb-6177eaab9ebb,User_341,user341@example.com,+917695642802,38,Other,Bangalore,2025-09-29T13:51:20.943447,store
b1e46fa8-728f-4df2-8c6c-eada87873a60,User_342,user342@example.com,+918219978197,23,F,Bangalore,2024-10-01T13:51:20.943459,mobile
d47e0aed-9987-4dbc-8089-1f6faacdaacf,User_343,user343@example.com,+918178758213,26,Other,Chennai,2024-08-29T13:51:20.943472,mobile
2c8ea884-611e-4c1c-8bfc-fb572f76ea57,User_344,user344@example.com,+917401271939,50,Other,Delhi,2024-09-16T13:51:20.943485,mobile
79f0c9f5-48e2-4825-9d7e-ccca692a8555,User_345,user345@example.com,+917662259333,28,Other,Pune,2024-07-30T13:51:20.943497,mobile
d6de87d1-6cf1-400d-8b1d-d8af4573a316,User_346,user346@example.com,+917121863227,23,M,Chennai,2026-02-02T13:51:20.943509,mobile
1a02c0cc-fc75-4896-95e3-13aa5ba34d35,User_347,user347@example.com,+919457310580,44,Other,Hyderabad,2025-08-13T13:51:20.943549,store
6f9ef49f-8364-495a-bb6c-b6ffa243e355,User_348,user348@example.com,+919343237444,36,Other,Chennai,2024-06-12T13:51:20.943576,store
de18f223-7a95-47d7-892b-230c0354b118,User_349,user349@example.com,+919942013255,43,F,Ahmedabad,2025-07-09T13:51:20.943589,web
6b9384d5-4658-499e-aa0e-261e25506abf,User_350,user350@example.com,+917678950361,46,F,Ahmedabad,2026-01-14T13:51:20.943601,store
bb92c951-7270-48f2-9213-bf2eeb692e34,User_351,user351@example.com,+918461115950,56,M,Pune,2025-08-20T13:51:20.943616,mobile
c67dbd8e-a7b0-4c75-9187-a42663b4bdf6,User_352,user352@example.com,+918483355242,43,M,Pune,2025-04-24T13:51:20.943645,mobile
c70ee112-9a4d-4c51-ada6-a3963b225e9c,User_353,user353@example.com,+917456056539,38,M,Ahmedabad,2024-08-18T13:51:20.943674,web
abb09602-3d21-4475-9c51-63cd8e7fa013,User_354,user354@example.com,+918931000173,33,M,Mumbai,2025-06-16T13:51:20.943706,web
608deb86-6661-4f77-bb41-aecc5e51f64a,User_355,user355@example.com,+918649910946,57,F,Bangalore,2025-05-23T13:51:20.943735,web
b3b9c473-d479-4061-9770-ea72c7a0d95c,User_356,user356@example.com,+919481146933,64,F,Bangalore,2025-04-15T13:51:20.943764,web
80bb3786-c8a8-42d8-9893-287ac213c975,User_357,user357@example.com,+919210726347,47,F,Chennai,2024-10-22T13:51:20.943792,store
e08005e5-7c2d-4d4a-b8b0-0dfdef1cc73d,User_358,user358@example.com,+917386757895,43,Other,Ahmedabad,2026-02-21T13:51:20.943822,web
9b88430b-2b81-4613-aaae-c095517cd2e4,User_359,user359@example.com,+919505443885,40,M,Hyderabad,2025-08-08T13:51:20.943847,store
9b66b8f5-ba94-4ffa-9d5d-1385fe996de7,User_360,user360@example.com,+919566323583,59,Other,Ahmedabad,2024-10-26T13:51:20.943877,store
102b9f49-a914-4bb7-9fbf-cd661f9867f3,User_361,user361@example.com,+917035121678,24,F,Delhi,2024-09-13T13:51:20.943892,store
255cee46-53c9-4156-a455-fc71aaeb939f,User_362,user362@example.com,+918731963069,41,M,Kolkata,2025-03-07T13:51:20.943905,web
0a9d7983-6f35-4787-b27b-e0aca049aff4,User_363,user363@example.com,+919412985084,30,F,Chennai,2024-08-10T13:51:20.943917,web
1b23ba1c-10e6-4969-af23-0bc504b3ce59,User_364,user364@example.com,+919165761020,46,Other,Chennai,2025-02-14T13:51:20.943929,mobile
63c5d37e-dcd5-4139-8a69-7e16620a0f45,User_365,user365@example.com,+919624410325,25,M,Mumbai,2024-04-19T13:51:20.943941,store
0ecc2cc7-1475-4466-9e4c-529582c64e99,User_366,user366@example.com,+918456360258,53,F,Delhi,2025-02-27T13:51:20.943953,web
c0f89555-5fe2-4ced-8b60-e35e96e39987,User_367,user367@example.com,+919186664545,43,Other,Hyderabad,2024-07-08T13:51:20.943966,web
de09c21b-2790-4f59-98f6-c678497d35f8,User_368,user368@example.com,+917588566728,63,F,Ahmedabad,2026-02-05T13:51:20.943978,mobile
ebcca014-8ee1-48b0-8f73-19d476e0b3a8,User_369,user369@example.com,+917639695273,56,Other,Delhi,2024-12-04T13:51:20.943992,store
739dee87-b56f-4b08-a7f9-6c85d6818fe3,User_370,user370@example.com,+918368076065,28,F,Chennai,2024-06-27T13:51:20.944020,mobile
9c8a22ec-7e5f-474b-8e85-d6b34aea9e24,User_371,user371@example.com,+919178901271,50,Other,Ahmedabad,2025-04-06T13:51:20.944037,mobile
a91646c9-5f67-4156-b4d0-21a050b6575c,User_372,user372@example.com,+918287590685,48,M,Pune,2024-08-17T13:51:20.944052,store
b1b3cebd-4a2a-433a-8058-12a34df6a3b3,User_373,user373@example.com,+917470748124,44,Other,Chennai,2024-04-26T13:51:20.944064,mobile
6a7d4a2f-a923-4761-be81-fe7f573a5848,User_374,user374@example.com,+917114448659,56,F,Chennai,2024-06-10T13:51:20.944076,mobile
207fbd9f-e63c-4a9c-b32d-dd00c57794da,User_375,user375@example.com,+919480920839,32,Other,Hyderabad,2024-08-01T13:51:20.944088,mobile
285b0a46-ec54-4ca2-b675-3bcd0a09e21a,User_376,user376@example.com,+917732343731,51,Other,Kolkata,2024-11-10T13:51:20.944100,web
0aecb8b1-e5bf-4a41-88ed-1559a7e7a3a1,User_377,user377@example.com,+918040226318,20,Other,Mumbai,2024-04-18T13:51:20.944112,web
2433a03f-64b2-4957-94be-f7b57ce9effc,User_378,user378@example.com,+918894246230,38,F,Delhi,2026-02-25T13:51:20.944127,store
3a0a8104-2429-4838-b9fb-61c66c54643d,User_379,user379@example.com,+918762557538,50,Other,Ahmedabad,2025-08-20T13:51:20.944139,mobile
78ef8c5e-d740-4e3d-aa65-2c822c418b3c,User_380,user380@example.com,+917593059748,51,M,Pune,2026-01-12T13:51:20.944155,mobile
ae5747f6-5be4-4adc-a70e-6a7af4e70c23,User_381,user381@example.com,+919256907178,42,F,Delhi,2024-11-12T13:51:20.944167,store
0e84ca4e-38ef-4914-9a48-d37c077735d3,User_382,user382@example.com,+918470283342,52,F,Chennai,2024-09-17T13:51:20.944179,mobile
660774c2-3e9a-4fb9-8a1d-efc23461f660,User_383,user383@example.com,+917825768309,33,F,Chennai,2024-11-06T13:51:20.944191,web
0187210b-941d-4bad-b587-443bb52be2a0,User_384,user384@example.com,+918241263320,63,M,Ahmedabad,2025-05-16T13:51:20.944203,store
f4c7a126-7279-4bb5-95c4-573c4e1d70c9,User_385,user385@example.com,+918498098234,53,Other,Chennai,2024-11-10T13:51:20.944219,store
b1eda297-b5e3-4a00-a11a-293f57da976d,User_386,user386@example.com,+919463064097,61,Other,Kolkata,2025-11-12T13:51:20.944237,store
228052e8-635e-4302-ace6-72ead42c8602,User_387,user387@example.com,+917629110165,36,M,Chennai,2025-03-28T13:51:20.944256,mobile
1317509d-d5f2-4937-b745-e8344d4b202a,User_388,user388@example.com,+918487619960,46,Other,Chennai,2025-12-26T13:51:20.944293,mobile
fa848a5c-ec51-4164-a85d-f28025f41073,User_389,user389@example.com,+917919066362,30,Other,Chennai,2024-11-11T13:51:20.944306,mobile
f1e85f7e-0df4-4232-b450-87ea70eaed9e,User_390,user390@example.com,+917589582865,24,Other,Bangalore,2025-06-11T13:51:20.944318,web
cd7c00ee-783f-44f3-9c7f-80c043255ce5,User_391,user391@example.com,+919876914972,51,M,Bangalore,2026-01-24T13:51:20.944330,web
e1269dc6-362b-4eb3-bbfd-898d81402a48,User_392,user392@example.com,+918775115854,39,Other,Ahmedabad,2025-12-04T13:51:20.944344,web
00e32ae3-176f-46d2-894c-5504a1bdace4,User_393,user393@example.com,+917590416424,18,Other,Delhi,2024-04-18T13:51:20.944363,store
80a6b929-e1f9-4b9b-b8ea-5c1b93b29273,User_394,user394@example.com,+919043114400,48,Other,Bangalore,2024-05-17T13:51:20.944390,store
72383042-728e-4d20-b0bc-201a92009198,User_395,user395@example.com,+918225849566,59,M,Mumbai,2025-04-22T13:51:20.944407,mobile
96478114-3e95-4c71-adc2-4d8618801e09,User_396,user396@example.com,+917997378157,52,Other,Hyderabad,2024-08-06T13:51:20.944435,web
431580be-df8f-4693-a61b-a2d5910223b2,User_397,user397@example.com,+917755006725,20,F,Ahmedabad,2025-01-13T13:51:20.944448,web
fc1c2ec0-aa0e-4069-8b6b-9fa8c982a54c,User_398,user398@example.com,+917160916026,18,F,Mumbai,2025-05-24T13:51:20.944461,store
3aa173fb-07c2-4854-8619-e70a310930dd,User_399,user399@example.com,+918951414407,59,Other,Ahmedabad,2025-05-29T13:51:20.944474,web
aa5ec596-9d76-401f-aa26-57c32ecec090,User_400,user400@example.com,+919010133918,35,M,Mumbai,2024-10-16T13:51:20.944490,store
cd1b11ec-0996-4be8-8902-195674a27e17,User_401,user401@example.com,+918971022633,59,F,Delhi,2025-10-01T13:51:20.944504,web
a7a9f9a9-f115-48e8-b2ee-1d075fc3402c,User_402,user402@example.com,+918267119521,54,Other,Bangalore,2025-04-05T13:51:20.944538,web
706c92b2-4312-41a5-af08-065360ef288d,User_403,user403@example.com,+919743306394,43,F,Pune,2024-06-29T13:51:20.944566,web
3226488b-4d5b-4e5c-b1a2-eb3197174b97,User_404,user404@example.com,+919874432021,24,M,Delhi,2025-01-30T13:51:20.944581,store
5ea34c47-e02d-45ce-bbe2-3ae31540f714,User_405,user405@example.com,+918065354117,18,F,Kolkata,2025-04-19T13:51:20.944593,web
edcd837f-7b30-4f33-b321-66343954be91,User_406,user406@example.com,+918146731886,39,F,Hyderabad,2024-12-14T13:51:20.944604,store
2389a3ab-c7d9-4780-ab1f-1c558d6f7d54,User_407,user407@example.com,+918544264464,62,M,Hyderabad,2024-05-16T13:51:20.944616,mobile
4ec84b5f-b09d-47ae-b377-aa007382cd8e,User_408,user408@example.com,+918998856257,37,M,Kolkata,2025-11-15T13:51:20.944628,mobile
0d2f63ba-8ff2-4772-8251-bd07c040e63e,User_409,user409@example.com,+918335640103,62,M,Chennai,2024-10-18T13:51:20.944640,store
efea988a-5ab4-4061-a010-1c03b054328b,User_410,user410@example.com,+917948540266,32,M,Ahmedabad,2024-06-25T13:51:20.944652,web
755b4c50-4d17-4e79-8c2a-5d83b8972610,User_411,user411@example.com,+919601628976,41,F,Ahmedabad,2024-12-06T13:51:20.944668,mobile
f36fccea-2534-4b79-a552-2ebb363bad1a,User_412,user412@example.com,+917938070754,33,Other,Mumbai,2024-05-05T13:51:20.944680,mobile
735c5be2-ba98-4be8-ac04-410d8c7bea4d,User_413,user413@example.com,+919268486276,63,F,Mumbai,2024-12-14T13:51:20.944692,mobile
97ef2d8d-9dfa-469c-9ff4-e4f4cfc6f847,User_414,user414@example.com,+917265248799,53,Other,Bangalore,2025-11-22T13:51:20.944704,mobile
a3ace69c-a556-4f4f-8710-866b65feb589,User_415,user415@example.com,+917643611097,28,F,Ahmedabad,2024-09-13T13:51:20.944716,web
1b83c826-b10a-4344-9e73-15b5b96a5b58,User_416,user416@example.com,+917882192670,63,Other,Ahmedabad,2024-04-19T13:51:20.944728,web
05936011-9e61-41c0-bc67-638eee4f08eb,User_417,user417@example.com,+918913333579,21,F,Delhi,2024-10-10T13:51:20.944744,mobile
e4452209-799a-467e-91ee-0fec8aec1d5b,User_418,user418@example.com,+918961934510,54,M,Ahmedabad,2025-01-15T13:51:20.944759,mobile
eb42c702-fa41-44fc-bdd9-249a90c13937,User_419,user419@example.com,+917093503397,43,F,Hyderabad,2025-05-05T13:51:20.944793,mobile
3436f083-badb-42e6-b67e-49a63fe80587,User_420,user420@example.com,+919483827971,22,M,Kolkata,2025-08-05T13:51:20.944805,store
f5f484ec-b164-4ceb-bb25-b1a7bd322661,User_421,user421@example.com,+919324279536,21,M,Ahmedabad,2026-01-10T13:51:20.944817,web
54e0fdd2-0846-4239-b960-d6e6580496ae,User_422,user422@example.com,+918756070122,29,M,Kolkata,2025-05-27T13:51:20.944829,store
d2161080-2dfc-445a-bdcb-7fc211b8280c,User_423,user423@example.com,+918926452312,42,F,Mumbai,2025-02-18T13:51:20.944842,mobile
d34b6e61-d1a7-4387-9cfb-0e7ab4e5d294,User_424,user424@example.com,+919316277000,26,Other,Pune,2024-05-08T13:51:20.944861,web
d71e8f1d-919c-4e14-a319-147952812e42,User_425,user425@example.com,+919307507627,43,Other,Delhi,2025-09-15T13:51:20.944880,mobile
2720b663-694c-4910-8683-0abccd50e8d7,User_426,user426@example.com,+917014917670,19,F,Ahmedabad,2025-07-31T13:51:20.944894,mobile
5e1fa70f-19c4-4eff-8b14-2c1bc4836ad4,User_427,user427@example.com,+918821616017,52,F,Bangalore,2024-09-05T13:51:20.944906,web
b0b5d801-ca6b-405b-820c-269c6367bf13,User_428,user428@example.com,+918486744752,27,F,Bangalore,2024-11-30T13:51:20.944918,mobile
e599d142-71ea-4ee4-8680-b02ba12c7bd9,User_429,user429@example.com,+917138372291,60,F,Hyderabad,2025-11-21T13:51:20.944931,web
539ff2c6-6954-426f-8aac-ef6ce054bfab,User_430,user430@example.com,+917289012242,24,Other,Hyderabad,2025-08-17T13:51:20.944962,store
ac61d53d-7c25-4ce7-b518-85ee58c7b2b6,User_431,user431@example.com,+919886319543,63,M,Bangalore,2024-07-12T13:51:20.944974,mobile
208aaec7-2bf9-4e14-a2fb-c77844abac7e,User_432,user432@example.com,+918727716512,46,M,Bangalore,2026-01-30T13:51:20.944986,web
a177a8f2-78cc-4b69-8423-50b9e3c5cb7e,User_433,user433@example.com,+919164216179,36,M,Pune,2025-10-24T13:51:20.945005,mobile
740901b0-ea82-459c-b9c4-ebb6e59f3b9c,User_434,user434@example.com,+919888502524,38,M,Chennai,2024-07-12T13:51:20.945024,web
2a6c32ce-d70a-4305-a174-d980455e126f,User_435,user435@example.com,+919238756255,32,F,Chennai,2024-05-09T13:51:20.945037,store
3f9dc824-91b5-4ab4-b84d-905a7500ef6d,User_436,user436@example.com,+919391086093,55,Other,Delhi,2026-01-13T13:51:20.945048,mobile
d4dc5799-8bb8-4688-96ac-4e344d8a351b,User_437,user437@example.com,+918834812535,53,F,Hyderabad,2024-04-20T13:51:20.945064,store
058c636f-b73c-4bd9-bd6a-134962a13206,User_438,user438@example.com,+919883394191,42,Other,Pune,2024-05-27T13:51:20.945076,mobile
9a58294d-b1d7-464a-a310-45a0eccb0b17,User_439,user439@example.com,+918753459822,27,F,Kolkata,2025-01-14T13:51:20.945091,web
6ca7f72e-570e-4750-8520-e4fb1d8434d1,User_440,user440@example.com,+919033747850,33,M,Chennai,2024-09-12T13:51:20.945102,mobile
01345167-d5c6-442f-9e36-7a5740ee4bcf,User_441,user441@example.com,+918988677919,21,Other,Kolkata,2025-10-20T13:51:20.945114,store
3a9aea0a-65d8-411d-a515-5239f165ec5d,User_442,user442@example.com,+919276297510,26,F,Bangalore,2024-08-23T13:51:20.945128,store
0128dff7-59f2-4242-8cbc-aa2fd07f13b8,User_443,user443@example.com,+918418468740,59,M,Ahmedabad,2025-08-20T13:51:20.945140,store
3e0f0892-3271-4349-a4d6-c5b43dd208f5,User_444,user444@example.com,+919300537106,64,M,Hyderabad,2025-12-12T13:51:20.945152,store
151c76f0-b52b-44c4-88d8-60c260d72682,User_445,user445@example.com,+919893398852,56,Other,Hyderabad,2025-02-23T13:51:20.945164,web
b7aaa865-e5ca-4a1f-8fc6-8ec0e327c3ba,User_446,user446@example.com,+919523652725,64,Other,Bangalore,2025-09-05T13:51:20.945176,store
fcde5f6e-e6d6-4d2d-b864-ca5cfe08fe46,User_447,user447@example.com,+918430070821,37,M,Bangalore,2025-08-15T13:51:20.945188,web
cfe0b1a7-cd03-4d1e-93b0-3bbdd16f6a23,User_448,user448@example.com,+919056949493,33,Other,Bangalore,2025-11-16T13:51:20.945201,store
c1fdb530-3f98-4f58-aebf-d3d9e2463e57,User_449,user449@example.com,+919371162526,38,F,Kolkata,2025-07-14T13:51:20.945215,store
c28076f1-629d-4e62-9dae-bd317892740b,User_450,user450@example.com,+919786236956,40,F,Chennai,2024-09-16T13:51:20.945229,store
b8bc9125-abd7-42fa-b7cd-bccbe5922a40,User_451,user451@example.com,+919135789708,47,M,Ahmedabad,2024-10-07T13:51:20.945241,store
81444fcd-e4cb-4181-9eb5-0f0c87ce0dd7,User_452,user452@example.com,+918592165525,38,F,Hyderabad,2025-08-20T13:51:20.945255,mobile
2ad030d1-08d6-45dc-9145-6bb5dbf72900,User_453,user453@example.com,+917626733282,19,F,Kolkata,2025-08-02T13:51:20.945267,store
6599b145-76bf-4688-84ea-5549a07fc0b1,User_454,user454@example.com,+917842637307,39,M,Kolkata,2025-10-11T13:51:20.945279,mobile
4ed250ce-f2f6-4095-b960-f4cc057f1d8f,User_455,user455@example.com,+919144483523,53,Other,Pune,2025-07-08T13:51:20.945291,store
29dc093f-722e-4320-8b1c-a48df552bdf8,User_456,user456@example.com,+919756056675,65,F,Ahmedabad,2024-11-01T13:51:20.945303,web
980e4b8c-94c3-4334-bcf6-5106b7ec56c1,User_457,user457@example.com,+917726990714,26,Other,Ahmedabad,2025-03-21T13:51:20.945317,web
6b392f66-a330-4f27-b492-3b50aac92199,User_458,user458@example.com,+919756550636,21,Other,Hyderabad,2024-09-07T13:51:20.945351,web
db4623ff-6c9c-4697-a41d-b3a861bc38bd,User_459,user459@example.com,+917208367732,18,F,Delhi,2024-05-01T13:51:20.945365,mobile
ab9746c7-803a-4cf1-9ab2-b32655c44619,User_460,user460@example.com,+917291920078,63,M,Hyderabad,2025-07-23T13:51:20.945377,web
26f752ae-cb28-42e6-8109-575dcebe96fb,User_461,user461@example.com,+918958546579,41,M,Ahmedabad,2024-10-15T13:51:20.945390,mobile
98847063-7710-4c83-929c-e743a391e78c,User_462,user462@example.com,+917067567428,18,Other,Kolkata,2024-11-02T13:51:20.945405,web
d3dcaad1-9e4d-4862-b064-aa7e02b5f7a7,User_463,user463@example.com,+919273831457,64,F,Chennai,2026-02-27T13:51:20.945420,web
57e6db98-be89-47c5-87f3-a3ff20643236,User_464,user464@example.com,+919997281896,61,F,Delhi,2024-10-18T13:51:20.945449,web
4b60a00d-31c4-4bfd-b30d-a2d859396ec2,User_465,user465@example.com,+919252218154,27,M,Bangalore,2025-12-08T13:51:20.945466,mobile
48186108-5140-477d-8d9c-59cf0f3db172,User_466,user466@example.com,+918084127872,40,F,Kolkata,2024-09-23T13:51:20.945486,web
9258f655-3c64-4155-acfb-ce47710a63f6,User_467,user467@example.com,+918743874444,47,Other,Bangalore,2025-02-27T13:51:20.945526,mobile
a52635f8-5d4b-4e50-89d7-7c68f3c83db7,User_468,user468@example.com,+918288381269,61,M,Hyderabad,2025-07-28T13:51:20.945565,web
abb8399d-d557-4b20-a585-bdc3cbf9c14d,User_469,user469@example.com,+918628926576,42,Other,Ahmedabad,2025-01-25T13:51:20.945591,web
d44fe8d0-8697-478a-b561-5412b92c3cdd,User_470,user470@example.com,+917040588163,62,M,Mumbai,2024-06-02T13:51:20.945603,store
39d21055-64ab-4312-b0c0-d7ddc3e6fe12,User_471,user471@example.com,+919769855512,39,Other,Mumbai,2024-12-27T13:51:20.945615,mobile
e8beb2cc-e5de-472d-ba2a-d4017bef1f66,User_472,user472@example.com,+917986839603,31,Other,Ahmedabad,2026-02-01T13:51:20.945627,store
78db3675-7801-4394-8e2b-4f1fde6f6636,User_473,user473@example.com,+917319322484,61,F,Hyderabad,2026-01-28T13:51:20.945639,web
1a545b76-5860-41b1-baaa-3e68e201641e,User_474,user474@example.com,+917067251004,31,Other,Delhi,2025-04-28T13:51:20.945651,mobile
27cdacc1-7d04-4490-b295-5991e94f9f5e,User_475,user475@example.com,+917330444012,37,M,Bangalore,2025-02-02T13:51:20.945673,mobile
a92984c0-2022-4ff4-9915-d94264c7fd2a,User_476,user476@example.com,+919907843037,52,F,Kolkata,2025-02-11T13:51:20.945685,mobile
6c3db998-9cb9-4c30-9190-235dca95b547,User_477,user477@example.com,+919960566236,64,M,Pune,2025-10-24T13:51:20.945698,web
aa2d2b25-ba43-40c2-9f6d-c4ba45a3fb67,User_478,user478@example.com,+918877279755,32,M,Pune,2025-12-06T13:51:20.945714,mobile
4169a5b1-d3ce-4a9a-9d4e-f35c958725e4,User_479,user479@example.com,+919558119733,43,F,Hyderabad,2024-06-26T13:51:20.945727,mobile
952d7f9c-eec2-4cfe-9a22-d67b2438dd4f,User_480,user480@example.com,+918935098341,49,M,Pune,2025-06-10T13:51:20.945739,mobile
01b0c61b-4ff2-4653-a90f-f2336d2cab3a,User_481,user481@example.com,+918854772804,29,Other,Kolkata,2025-02-25T13:51:20.945755,web
0f4e0175-34a6-491e-bf85-2bbc0c78acd4,User_482,user482@example.com,+918268645208,33,Other,Mumbai,2024-06-21T13:51:20.945769,web
8e2a7aa8-8e6c-4b41-9ba3-9577be455dc7,User_483,user483@example.com,+917662373991,42,Other,Delhi,2025-06-15T13:51:20.945781,mobile
dbefa4ac-a450-4b00-adf5-b7bcf634fb24,User_484,user484@example.com,+918360122653,41,M,Mumbai,2025-02-11T13:51:20.945793,web
1ad8fec9-6f2f-465b-85b5-6d9a98406fce,User_485,user485@example.com,+918910126009,41,F,Mumbai,2025-05-05T13:51:20.945805,web
5e641a6b-eeb5-414b-809f-987cfa2b1224,User_486,user486@example.com,+917804841598,45,F,Kolkata,2025-12-17T13:51:20.945817,web
67da80eb-8c00-4328-9bd2-9b409e254a97,User_487,user487@example.com,+917384909986,40,Other,Mumbai,2026-02-18T13:51:20.945833,mobile
f65d479b-25d8-4802-84c9-42567ffe5a6e,User_488,user488@example.com,+918393417638,42,M,Chennai,2024-07-12T13:51:20.945846,store
10699e3c-9f67-4108-a71c-a0918eaa3418,User_489,user489@example.com,+917363781647,64,Other,Bangalore,2025-02-12T13:51:20.945858,mobile
a7efd861-82e5-43b1-9e1d-0c829bfa825e,User_490,user490@example.com,+917728353118,61,F,Delhi,2024-09-29T13:51:20.945870,web
6d40d013-a9c6-497a-a9a8-a3c69db7cdf1,User_491,user491@example.com,+918293348937,35,F,Delhi,2025-06-14T13:51:20.945882,web
72595032-530c-40ee-b0f0-4ba91d52b77a,User_492,user492@example.com,+918866920369,35,F,Chennai,2025-09-26T13:51:20.945900,store
47305be8-cd55-4cfd-9661-fe36f5f81ce5,User_493,user493@example.com,+918551019709,34,M,Ahmedabad,2025-12-28T13:51:20.945916,mobile
b664366b-7c09-4ec4-aa85-c5b623eb61f3,User_494,user494@example.com,+917839873216,47,M,Delhi,2024-06-23T13:51:20.945933,store
5f9a2f01-073f-4576-a173-61c06b068554,User_495,user495@example.com,+918699484121,39,Other,Kolkata,2026-03-10T13:51:20.945961,store
bc2a15b3-8cd0-4701-8a84-5408610596e6,User_496,user496@example.com,+918437681124,45,Other,Delhi,2024-12-21T13:51:20.945975,store
370f0855-85f1-477f-8f8e-0f1980e8cfc6,User_497,user497@example.com,+919590772665,62,M,Ahmedabad,2025-04-22T13:51:20.945991,store
370e7bb7-6236-43ce-95ca-1a960f6b7194,User_498,user498@example.com,+918710425977,38,F,Ahmedabad,2025-09-16T13:51:20.946018,mobile
596f31a6-fa4a-4f78-b82d-1c50602c82ff,User_499,user499@example.com,+918399670743,42,F,Kolkata,2025-07-11T13:51:20.946030,store
